{
  "VerticalPosition": 0.0768,
  "RadialPosition": 0,
  "pts": [
    ["line", 0.0, 0.0768],
    ["line", 0.038, 0.0768],
    ["arc", 0.038, 0.09029999999999999, 0.0, 0.09029999999999999, false],
    ["line", 0.02665, 0.11738832774462092],
    ["line", 0.02665, 0.1908],
    ["line", 0.0159, 0.1908],
    ["line", 0.0159, 0.20035],
    ["line", 0.0, 0.20035]
  ]
}
